Name,Status,Population
Punjab,Province,"73,621,290"
Attock,District,"1,274,935"
Bahawalnagar,District,"2,061,447"
Bahawalpur,District,"2,433,091"
Bhakkar,District,"1,051,456"
Chakwal,District,"1,083,725"
Chiniot,District,"965,124"
Dera Ghazi Khan,District,"1,643,118"
Faisalabad,District,"5,429,547"
Gujranwala,District,"3,400,940"
Gujrat,District,"2,048,008"
Hafizabad,District,"832,980"
Jhang,District,"1,869,421"
Jhelum,District,"936,957"
Kasur,District,"2,354,506"
Khanewal,District,"2,068,490"
Khushab,District,"905,711"
Lahore,District,"6,340,114"
Layyah,District,"1,120,951"
Lodhran,District,"1,171,800"
Mandi Bahauddin,District,"1,160,552"
Mianwali,District,"1,056,620"
Multan,District,"3,116,851"
Muzaffargarh,District,"2,635,903"
Nankana Sahib,District,"1,044,865"
Narowal,District,"1,265,097"
Okara,District,"2,232,992"
Pakpattan,District,"1,286,680"
Rahim Yar Khan,District,"3,141,053"
Rajanpur,District,"1,103,618"
Rawalpindi,District,"3,363,911"
Sahiwal,District,"1,843,194"
Sargodha,District,"2,665,979"
Sheikhupura,District,"2,276,164"
Sialkot,District,"2,723,481"
Toba Tek Singh,District,"1,621,593"
Vehari,District,"2,090,416"
Pakistan,Islamic Republic,"132,352,279"
